Store ID,Store Name,Business ID,Merchant Store ID,Payout Date,Currency,Subtotal,Subtotal Tax Passed by DoorDash to Merchant,Commission,Commission Tax,Drive Charge,Marketing Fees (for historical reference only) | (All discounts and fees),Marketing Fee Tax (for historical reference only) | (Taxes on any applicable marketing fees),Alcohol Flat Fee,Alcohol Flat Fee Tax,Bag Fee,Bag Fee Tax,Cup Fee,Cup Fee Tax,Snap Ebt Discount,Error Charges,Adjustments | (for historical reference only),Total Before Adjustments,Net Payout,Transactions Start Local Date,Transactions End Local Date,Transactions Start UTC Date,Transactions End UTC Date,Payout ID,Payout Status,Tax Remitted by DoorDash to State,Printer Fee,Tablet Fee,Payment Processing Fee,Delivery Order Fee,Pickup Order Fee,Subscription Fee,Customer Discounts from Marketing | (Funded by You),Customer Discounts from Marketing | (Funded by DoorDash),Customer Discounts from Marketing | (Funded by a Third-party),Marketing Fees | (Including any applicable taxes),DoorDash Marketing Credit,Third-party Contribution,Adjustments
657157,McDonald's (1447-LINDNWLD-W HORSE),5579,1447,2025-07-28,USD,17248.63,973.06,1952.48,0.00,0.00,3017.37,0.00,0.00,0.00,0.00,0.00,0.00,0.00,0.00,233.76,82.50,13018.08,13100.58,2025-07-21,2025-07-28,2025-07-21,2025-07-28,502065587,PAID,0.00,0.00,0.00,0.00,0.00,0.00,0.00,-2560.98,-134.17,0.00,-456.39,134.17,0.00,82.50
659406,McDonald's (4592-OCEAN CITY),5579,4592,2025-07-28,USD,7761.69,454.87,878.72,0.00,0.00,1058.14,0.00,0.00,0.00,0.00,0.00,0.00,0.00,0.00,151.52,37.83,6128.18,6166.01,2025-07-21,2025-07-28,2025-07-21,2025-07-28,502061591,PAID,0.00,0.00,0.00,0.00,0.00,0.00,0.00,-895.78,-22.26,0.00,-162.36,22.26,0.00,37.83
946236,McDonald's (12008-CROSS KEYS),5579,12008,2025-07-28,USD,6106.48,350.60,706.68,0.00,0.00,909.45,0.00,0.00,0.00,0.00,0.00,0.00,0.00,0.00,77.83,29.35,4763.12,4792.47,2025-07-21,2025-07-28,2025-07-21,2025-07-28,502066230,PAID,0.00,0.00,0.00,0.00,0.00,0.00,0.00,-814.41,-58.18,0.00,-95.04,58.18,0.00,29.35
946241,McDonald's (18170-NO WOODBURY),5579,18170,2025-07-28,USD,13700.43,794.27,1587.53,0.00,0.00,1961.13,0.00,0.00,0.00,0.00,0.00,0.00,0.00,0.00,283.74,59.81,10662.30,10722.11,2025-07-21,2025-07-28,2025-07-21,2025-07-28,502064245,PAID,0.00,0.00,0.00,0.00,0.00,0.00,0.00,-1711.00,-103.98,0.00,-250.13,103.98,0.00,59.81
946252,McDonald's (18576-WINSLOW),5579,18576,2025-07-28,USD,11211.50,658.45,1418.76,0.00,0.00,1366.12,0.00,0.00,0.00,0.00,0.00,0.00,0.00,0.00,279.30,50.52,8805.77,8856.29,2025-07-21,2025-07-28,2025-07-21,2025-07-28,502064957,PAID,0.00,0.00,0.00,0.00,0.00,0.00,0.00,-1274.05,-118.23,0.00,-92.07,118.23,0.00,50.52
946258,McDonald's (2401-TURNERSVILLE),5579,2401,2025-07-28,USD,6987.92,389.53,784.49,0.00,0.00,1287.60,0.00,0.00,0.00,0.00,0.00,0.00,0.00,0.00,68.12,34.56,5237.24,5271.80,2025-07-21,2025-07-28,2025-07-21,2025-07-28,502065547,PAID,0.00,0.00,0.00,0.00,0.00,0.00,0.00,-1107.14,-40.26,0.00,-180.46,40.26,0.00,34.56
946269,McDonald's (4884-WILLIAMSTOWN),5579,4884,2025-07-28,USD,16151.64,928.96,1871.70,0.00,0.00,2413.07,0.00,0.00,0.00,0.00,0.00,0.00,0.00,0.00,277.66,73.89,12518.17,12592.06,2025-07-21,2025-07-28,2025-07-21,2025-07-28,502067855,PAID,0.00,0.00,0.00,0.00,0.00,0.00,0.00,-2129.93,-172.38,0.00,-283.14,172.38,0.00,73.89
1544219,McDonald's (22137 - WRIGHTSTOWN),5579,22137,2025-07-28,USD,4522.63,274.07,534.77,0.00,0.00,410.33,0.00,0.00,0.00,0.00,0.00,0.00,0.00,0.00,29.27,21.91,3822.33,3844.24,2025-07-21,2025-07-27,2025-07-21,2025-07-28,502071067,PAID,0.00,0.00,0.00,0.00,0.00,0.00,0.00,-386.57,-32.00,0.00,-23.76,32.00,0.00,21.91
1544237,"McDonald's (21452 - RT 545, BROWNS MILLS)",5579,21452,2025-07-28,USD,10017.17,597.27,1184.22,0.00,0.00,1071.16,0.00,0.00,0.00,0.00,0.00,0.00,0.00,0.00,224.16,53.39,8134.90,8188.29,2025-07-21,2025-07-28,2025-07-21,2025-07-28,502061228,PAID,0.00,0.00,0.00,0.00,0.00,0.00,0.00,-999.88,-80.46,0.00,-71.28,80.46,0.00,53.39
657157,McDonald's (1447-LINDNWLD-W HORSE),5579,1447,2025-07-21,USD,16399.78,1018.86,2044.83,0.00,0.00,1100.78,0.00,0.00,0.00,0.00,0.00,0.00,0.00,0.00,394.71,79.65,13878.32,13957.97,2025-07-14,2025-07-21,2025-07-14,2025-07-21,500281672,PAID,0.00,0.00,0.00,0.00,0.00,0.00,0.00,-1021.58,-191.96,0.00,-79.20,191.96,0.00,79.65
659406,McDonald's (4592-OCEAN CITY),5579,4592,2025-07-21,USD,7622.44,473.18,928.31,0.00,0.00,500.17,0.00,0.00,0.00,0.00,0.00,0.00,0.00,0.00,177.52,34.61,6489.62,6524.23,2025-07-14,2025-07-21,2025-07-14,2025-07-21,500280888,PAID,0.00,0.00,0.00,0.00,0.00,0.00,0.00,-479.38,-41.29,0.00,-20.79,41.29,0.00,34.61
946236,McDonald's (12008-CROSS KEYS),5579,12008,2025-07-21,USD,5951.78,340.13,685.53,0.00,0.00,1009.22,0.00,0.00,0.00,0.00,0.00,0.00,0.00,0.00,55.77,29.61,4541.39,4571.00,2025-07-14,2025-07-21,2025-07-14,2025-07-21,500286031,PAID,0.00,0.00,0.00,0.00,0.00,0.00,0.00,-817.16,-37.95,0.00,-192.06,37.95,0.00,29.61
946241,McDonald's (18170-NO WOODBURY),5579,18170,2025-07-21,USD,11974.14,680.41,1363.45,0.00,0.00,2118.74,0.00,0.00,0.00,0.00,0.00,0.00,0.00,0.00,225.38,67.54,8946.98,9014.52,2025-07-14,2025-07-21,2025-07-14,2025-07-21,500284365,PAID,0.00,0.00,0.00,0.00,0.00,0.00,0.00,-1702.54,-67.80,0.00,-416.20,67.80,0.00,67.54
946252,McDonald's (18576-WINSLOW),5579,18576,2025-07-21,USD,10145.53,614.37,1334.69,0.00,0.00,960.59,0.00,0.00,0.00,0.00,0.00,0.00,0.00,0.00,157.54,211.25,8307.08,8518.33,2025-07-14,2025-07-21,2025-07-14,2025-07-21,500286824,PAID,0.00,0.00,0.00,0.00,0.00,0.00,0.00,-874.46,-79.85,0.00,-86.13,79.85,0.00,211.25
946258,McDonald's (2401-TURNERSVILLE),5579,2401,2025-07-21,USD,6921.33,427.79,860.24,0.00,0.00,508.65,0.00,0.00,0.00,0.00,0.00,0.00,0.00,0.00,63.27,33.13,5916.96,5950.09,2025-07-14,2025-07-21,2025-07-14,2025-07-21,500284693,PAID,0.00,0.00,0.00,0.00,0.00,0.00,0.00,-466.08,-105.25,0.00,-42.57,105.25,0.00,33.13
946269,McDonald's (4884-WILLIAMSTOWN),5579,4884,2025-07-21,USD,14737.67,840.19,1706.82,0.00,0.00,2561.91,0.00,0.00,0.00,0.00,0.00,0.00,0.00,0.00,274.65,77.70,11034.48,11112.18,2025-07-14,2025-07-21,2025-07-14,2025-07-21,500283100,PAID,0.00,0.00,0.00,0.00,0.00,0.00,0.00,-2057.01,-43.56,0.00,-504.90,43.56,0.00,77.70
1544219,McDonald's (22137 - WRIGHTSTOWN),5579,22137,2025-07-21,USD,4382.98,261.91,506.04,0.00,0.00,469.72,0.00,0.00,0.00,0.00,0.00,0.00,0.00,0.00,47.18,26.97,3621.95,3648.92,2025-07-14,2025-07-20,2025-07-14,2025-07-21,500280624,PAID,0.00,0.00,0.00,0.00,0.00,0.00,0.00,-429.13,-8.72,0.00,-40.59,8.72,0.00,26.97
1544237,"McDonald's (21452 - RT 545, BROWNS MILLS)",5579,21452,2025-07-21,USD,10677.99,635.81,1248.83,0.00,0.00,1196.48,0.00,0.00,0.00,0.00,0.00,0.00,0.00,0.00,120.89,68.51,8747.60,8816.11,2025-07-14,2025-07-20,2025-07-14,2025-07-21,500279911,PAID,0.00,0.00,0.00,0.00,0.00,0.00,0.00,-1079.66,-91.68,0.00,-116.82,91.68,0.00,68.51
657157,McDonald's (1447-LINDNWLD-W HORSE),5579,1447,2025-07-14,USD,16018.78,956.74,1918.11,0.00,0.00,1633.67,0.00,0.00,0.00,0.00,0.00,0.00,0.00,0.00,187.08,77.41,13236.66,13314.07,2025-07-07,2025-07-14,2025-07-07,2025-07-14,498486211,PAID,0.00,0.00,0.00,0.00,0.00,0.00,0.00,-1579.22,-163.93,0.00,-54.45,163.93,0.00,77.41
659406,McDonald's (4592-OCEAN CITY),5579,4592,2025-07-14,USD,6904.59,422.61,822.82,0.00,0.00,545.60,0.00,0.00,0.00,0.00,0.00,0.00,0.00,0.00,137.88,49.56,5820.90,5870.46,2025-07-07,2025-07-14,2025-07-07,2025-07-14,498487017,PAID,0.00,0.00,0.00,0.00,0.00,0.00,0.00,-525.80,-50.42,0.00,-19.80,50.42,0.00,49.56
946236,McDonald's (12008-CROSS KEYS),5579,12008,2025-07-14,USD,5939.29,334.22,675.66,0.00,0.00,1025.13,0.00,0.00,0.00,0.00,0.00,0.00,0.00,0.00,72.29,29.20,4500.43,4529.63,2025-07-07,2025-07-14,2025-07-07,2025-07-14,498491025,PAID,0.00,0.00,0.00,0.00,0.00,0.00,0.00,-894.45,-39.44,0.00,-130.68,39.44,0.00,29.20
946241,McDonald's (18170-NO WOODBURY),5579,18170,2025-07-14,USD,13460.22,761.70,1524.93,0.00,0.00,2252.71,0.00,0.00,0.00,0.00,0.00,0.00,0.00,0.00,259.36,76.21,10184.92,10261.13,2025-07-07,2025-07-14,2025-07-07,2025-07-14,498486127,PAID,0.00,0.00,0.00,0.00,0.00,0.00,0.00,-1963.69,-86.13,0.00,-289.02,86.13,0.00,76.21
946252,McDonald's (18576-WINSLOW),5579,18576,2025-07-14,USD,11276.51,667.18,1445.91,0.00,0.00,1299.62,0.00,0.00,0.00,0.00,0.00,0.00,0.00,0.00,384.57,70.61,8813.59,8884.20,2025-07-07,2025-07-14,2025-07-07,2025-07-14,498490073,PAID,0.00,0.00,0.00,0.00,0.00,0.00,0.00,-1205.57,-137.57,0.00,-94.05,137.57,0.00,70.61
946258,McDonald's (2401-TURNERSVILLE),5579,2401,2025-07-14,USD,6593.25,386.16,779.38,0.00,0.00,797.57,0.00,0.00,0.00,0.00,0.00,0.00,0.00,0.00,39.54,38.09,5362.92,5401.01,2025-07-07,2025-07-14,2025-07-07,2025-07-14,498490174,PAID,0.00,0.00,0.00,0.00,0.00,0.00,0.00,-764.90,-66.48,0.00,-32.67,66.48,0.00,38.09
946269,McDonald's (4884-WILLIAMSTOWN),5579,4884,2025-07-14,USD,15592.12,889.37,1797.55,0.00,0.00,2525.57,0.00,0.00,0.00,0.00,0.00,0.00,0.00,0.00,235.12,76.26,11923.25,11999.51,2025-07-07,2025-07-14,2025-07-07,2025-07-14,498488303,PAID,0.00,0.00,0.00,0.00,0.00,0.00,0.00,-2167.19,-91.54,0.00,-358.38,91.54,0.00,76.26
1544219,McDonald's (22137 - WRIGHTSTOWN),5579,22137,2025-07-14,USD,4920.26,290.09,559.75,0.00,0.00,565.26,0.00,0.00,0.00,0.00,0.00,0.00,0.00,0.00,21.16,18.85,4064.18,4083.03,2025-07-07,2025-07-13,2025-07-07,2025-07-14,498486868,PAID,0.00,0.00,0.00,0.00,0.00,0.00,0.00,-542.49,-55.70,0.00,-22.77,55.70,0.00,18.85
1544237,"McDonald's (21452 - RT 545, BROWNS MILLS)",5579,21452,2025-07-14,USD,10907.24,643.57,1274.87,0.00,0.00,1293.99,0.00,0.00,0.00,0.00,0.00,0.00,0.00,0.00,137.18,46.94,8844.77,8891.71,2025-07-07,2025-07-13,2025-07-07,2025-07-14,498481139,PAID,0.00,0.00,0.00,0.00,0.00,0.00,0.00,-1194.00,-87.18,0.00,-99.99,87.18,0.00,46.94
657157,McDonald's (1447-LINDNWLD-W HORSE),5579,1447,2025-07-07,USD,15533.94,943.92,1885.38,0.00,0.00,1331.70,0.00,0.00,0.00,0.00,0.00,0.00,0.00,0.00,236.09,72.02,13024.69,13096.71,2025-06-30,2025-07-07,2025-06-30,2025-07-07,496701409,PAID,0.00,0.00,0.00,0.00,0.00,0.00,0.00,-1287.15,-332.94,0.00,-44.55,332.94,0.00,72.02
659406,McDonald's (4592-OCEAN CITY),5579,4592,2025-07-07,USD,9907.63,616.05,1187.83,0.00,0.00,635.42,0.00,0.00,0.00,0.00,0.00,0.00,0.00,0.00,141.79,29.36,8558.64,8588.00,2025-06-30,2025-07-07,2025-06-30,2025-07-07,496701524,PAID,0.00,0.00,0.00,0.00,0.00,0.00,0.00,-610.67,-110.17,0.00,-24.75,110.17,0.00,29.36
946236,McDonald's (12008-CROSS KEYS),5579,12008,2025-07-07,USD,5768.47,337.51,682.14,0.00,0.00,694.11,0.00,0.00,0.00,0.00,0.00,0.00,0.00,0.00,37.43,31.69,4692.30,4723.99,2025-06-30,2025-07-07,2025-06-30,2025-07-07,496703875,PAID,0.00,0.00,0.00,0.00,0.00,0.00,0.00,-674.31,-99.05,0.00,-19.80,99.05,0.00,31.69
946241,McDonald's (18170-NO WOODBURY),5579,18170,2025-07-07,USD,10993.05,651.33,1309.91,0.00,0.00,1199.72,0.00,0.00,0.00,0.00,0.00,0.00,0.00,0.00,137.76,52.84,8996.99,9049.83,2025-06-30,2025-07-07,2025-06-30,2025-07-07,496699114,PAID,0.00,0.00,0.00,0.00,0.00,0.00,0.00,-1160.12,-302.44,0.00,-39.60,302.44,0.00,52.84
946252,McDonald's (18576-WINSLOW),5579,18576,2025-07-07,USD,8671.15,529.64,1141.89,0.00,0.00,709.28,0.00,0.00,0.00,0.00,0.00,0.00,0.00,0.00,158.57,122.12,7191.05,7313.17,2025-06-30,2025-07-06,2025-06-30,2025-07-07,496701757,PAID,0.00,0.00,0.00,0.00,0.00,0.00,0.00,-676.61,-185.90,0.00,-32.67,185.90,0.00,122.12
946258,McDonald's (2401-TURNERSVILLE),5579,2401,2025-07-07,USD,5078.90,305.26,621.22,0.00,0.00,489.72,0.00,0.00,0.00,0.00,0.00,0.00,0.00,0.00,49.68,30.72,4223.54,4254.26,2025-06-30,2025-07-07,2025-06-30,2025-07-07,496696494,PAID,0.00,0.00,0.00,0.00,0.00,0.00,0.00,-470.91,-133.06,0.00,-18.81,133.06,0.00,30.72
946269,McDonald's (4884-WILLIAMSTOWN),5579,4884,2025-07-07,USD,15231.99,912.17,1848.47,0.00,0.00,1515.50,0.00,0.00,0.00,0.00,0.00,0.00,0.00,0.00,156.38,71.21,12623.81,12695.02,2025-06-30,2025-07-07,2025-06-30,2025-07-07,496701990,PAID,0.00,0.00,0.00,0.00,0.00,0.00,0.00,-1465.01,-297.96,0.00,-50.49,297.96,0.00,71.21
1544219,McDonald's (22137 - WRIGHTSTOWN),5579,22137,2025-07-07,USD,3770.55,237.39,453.55,0.00,0.00,195.70,0.00,0.00,0.00,0.00,0.00,0.00,0.00,0.00,109.91,17.26,3248.78,3266.04,2025-06-30,2025-07-06,2025-06-30,2025-07-07,496702980,PAID,0.00,0.00,0.00,0.00,0.00,0.00,0.00,-186.79,-52.38,0.00,-8.91,52.38,0.00,17.26
1544237,"McDonald's (21452 - RT 545, BROWNS MILLS)",5579,21452,2025-07-07,USD,9387.24,566.59,1112.18,0.00,0.00,860.38,0.00,0.00,0.00,0.00,0.00,0.00,0.00,0.00,71.40,142.41,7909.87,8052.28,2025-06-30,2025-07-06,2025-06-30,2025-07-07,496697796,PAID,0.00,0.00,0.00,0.00,0.00,0.00,0.00,-834.64,-133.25,-7.24,-25.74,133.25,7.24,142.41
657157,McDonald's (1447-LINDNWLD-W HORSE),5579,1447,2025-06-30,USD,14449.59,921.61,1848.67,0.00,0.00,538.17,0.00,0.00,0.00,0.00,0.00,0.00,0.00,0.00,104.48,83.04,12879.88,12962.92,2025-06-23,2025-06-30,2025-06-23,2025-06-30,494937587,PAID,0.00,0.00,0.00,0.00,0.00,0.00,0.00,-538.17,-396.97,0.00,0.00,396.97,0.00,83.04
659406,McDonald's (4592-OCEAN CITY),5579,4592,2025-06-30,USD,5962.43,382.48,734.15,0.00,0.00,189.55,0.00,0.00,0.00,0.00,0.00,0.00,0.00,0.00,49.14,18.19,5372.07,5390.26,2025-06-23,2025-06-30,2025-06-23,2025-06-30,494948296,PAID,0.00,0.00,0.00,0.00,0.00,0.00,0.00,-189.55,-128.39,0.00,0.00,128.39,0.00,18.19
946236,McDonald's (12008-CROSS KEYS),5579,12008,2025-06-30,USD,6424.60,407.34,823.22,0.00,0.00,276.02,0.00,0.00,0.00,0.00,0.00,0.00,0.00,0.00,65.84,27.35,5666.86,5694.21,2025-06-23,2025-06-30,2025-06-23,2025-06-30,494948045,PAID,0.00,0.00,0.00,0.00,0.00,0.00,0.00,-276.02,-138.39,0.00,0.00,138.39,0.00,27.35
946241,McDonald's (18170-NO WOODBURY),5579,18170,2025-06-30,USD,10686.51,682.74,1368.30,0.00,0.00,380.88,0.00,0.00,0.00,0.00,0.00,0.00,0.00,0.00,274.15,50.49,9345.92,9396.41,2025-06-23,2025-06-30,2025-06-23,2025-06-30,494942479,PAID,0.00,0.00,0.00,0.00,0.00,0.00,0.00,-380.88,-339.92,0.00,0.00,339.92,0.00,50.49
946252,McDonald's (18576-WINSLOW),5579,18576,2025-06-30,USD,6593.36,426.78,917.18,0.00,0.00,152.90,0.00,0.00,0.00,0.00,0.00,0.00,0.00,0.00,145.88,21.58,5804.18,5825.76,2025-06-23,2025-06-30,2025-06-23,2025-06-30,494942287,PAID,0.00,0.00,0.00,0.00,0.00,0.00,0.00,-152.90,-173.20,-9.24,0.00,173.20,9.24,21.58
946258,McDonald's (2401-TURNERSVILLE),5579,2401,2025-06-30,USD,6144.05,389.69,768.11,0.00,0.00,260.75,0.00,0.00,0.00,0.00,0.00,0.00,0.00,0.00,73.47,25.29,5431.41,5456.70,2025-06-23,2025-06-29,2025-06-23,2025-06-30,494940628,PAID,0.00,0.00,0.00,0.00,0.00,0.00,0.00,-260.75,-143.80,0.00,0.00,143.80,0.00,25.29
946269,McDonald's (4884-WILLIAMSTOWN),5579,4884,2025-06-30,USD,14302.81,914.77,1825.02,0.00,0.00,495.73,0.00,0.00,0.00,0.00,0.00,0.00,0.00,0.00,173.18,67.47,12723.65,12791.12,2025-06-23,2025-06-30,2025-06-23,2025-06-30,494948614,PAID,0.00,0.00,0.00,0.00,0.00,0.00,0.00,-495.73,-481.06,0.00,0.00,481.06,0.00,67.47
1544219,McDonald's (22137 - WRIGHTSTOWN),5579,22137,2025-06-30,USD,3140.09,203.22,397.13,0.00,0.00,73.30,0.00,0.00,0.00,0.00,0.00,0.00,0.00,0.00,10.24,19.54,2862.64,2882.18,2025-06-23,2025-06-29,2025-06-23,2025-06-30,494937075,PAID,0.00,0.00,0.00,0.00,0.00,0.00,0.00,-73.30,-87.62,0.00,0.00,87.62,0.00,19.54
1544237,"McDonald's (21452 - RT 545, BROWNS MILLS)",5579,21452,2025-06-30,USD,9619.23,613.73,1195.34,0.00,0.00,356.32,0.00,0.00,0.00,0.00,0.00,0.00,0.00,0.00,131.31,45.96,8549.99,8595.95,2025-06-23,2025-06-29,2025-06-23,2025-06-30,494948435,PAID,0.00,0.00,0.00,0.00,0.00,0.00,0.00,-356.32,-268.80,-15.00,0.00,268.80,15.00,45.96
657157,McDonald's (1447-LINDNWLD-W HORSE),5579,1447,2025-06-23,USD,14111.65,889.91,1779.17,0.00,0.00,680.57,0.00,0.00,0.00,0.00,0.00,0.00,0.00,0.00,270.93,89.19,12270.89,12360.08,2025-06-16,2025-06-22,2025-06-16,2025-06-23,493186819,PAID,0.00,0.00,0.00,0.00,0.00,0.00,0.00,-680.57,-196.90,0.00,0.00,196.90,0.00,89.19
659406,McDonald's (4592-OCEAN CITY),5579,4592,2025-06-23,USD,3638.01,233.21,439.74,0.00,0.00,117.84,0.00,0.00,0.00,0.00,0.00,0.00,0.00,0.00,29.69,12.78,3283.95,3296.73,2025-06-16,2025-06-22,2025-06-16,2025-06-23,493181459,PAID,0.00,0.00,0.00,0.00,0.00,0.00,0.00,-117.84,-29.47,0.00,0.00,29.47,0.00,12.78
946236,McDonald's (12008-CROSS KEYS),5579,12008,2025-06-23,USD,5469.54,345.45,697.31,0.00,0.00,254.45,0.00,0.00,0.00,0.00,0.00,0.00,0.00,0.00,35.96,31.09,4827.27,4858.36,2025-06-16,2025-06-22,2025-06-16,2025-06-23,493185055,PAID,0.00,0.00,0.00,0.00,0.00,0.00,0.00,-254.45,-62.64,0.00,0.00,62.64,0.00,31.09
946241,McDonald's (18170-NO WOODBURY),5579,18170,2025-06-23,USD,10098.09,641.56,1288.50,0.00,0.00,414.73,0.00,0.00,0.00,0.00,0.00,0.00,0.00,0.00,102.08,41.95,8934.34,8976.29,2025-06-16,2025-06-22,2025-06-16,2025-06-23,493184750,PAID,0.00,0.00,0.00,0.00,0.00,0.00,0.00,-414.73,-77.52,0.00,0.00,77.52,0.00,41.95
946252,McDonald's (18576-WINSLOW),5579,18576,2025-06-23,USD,4315.95,282.37,607.49,0.00,0.00,54.53,0.00,0.00,0.00,0.00,0.00,0.00,0.00,0.00,114.19,143.03,3822.11,3965.14,2025-06-16,2025-06-22,2025-06-16,2025-06-22,493180058,PAID,0.00,0.00,0.00,0.00,0.00,0.00,0.00,-54.53,-68.91,0.00,0.00,68.91,0.00,143.03
946258,McDonald's (2401-TURNERSVILLE),5579,2401,2025-06-23,USD,5057.84,320.52,634.89,0.00,0.00,219.20,0.00,0.00,0.00,0.00,0.00,0.00,0.00,0.00,54.53,25.70,4469.74,4495.44,2025-06-16,2025-06-22,2025-06-16,2025-06-23,493188303,PAID,0.00,0.00,0.00,0.00,0.00,0.00,0.00,-219.20,-44.59,0.00,0.00,44.59,0.00,25.70
946269,McDonald's (4884-WILLIAMSTOWN),5579,4884,2025-06-23,USD,13493.76,851.04,1718.51,0.00,0.00,649.52,0.00,0.00,0.00,0.00,0.00,0.00,0.00,0.00,206.63,65.75,11770.14,11835.89,2025-06-16,2025-06-22,2025-06-16,2025-06-23,493183316,PAID,0.00,0.00,0.00,0.00,0.00,0.00,0.00,-649.52,-170.12,-22.84,0.00,170.12,22.84,65.75
1544219,McDonald's (22137 - WRIGHTSTOWN),5579,22137,2025-06-23,USD,4216.30,269.14,515.17,0.00,0.00,154.49,0.00,0.00,0.00,0.00,0.00,0.00,0.00,0.00,19.54,55.00,3796.24,3851.24,2025-06-16,2025-06-22,2025-06-16,2025-06-23,493186760,PAID,0.00,0.00,0.00,0.00,0.00,0.00,0.00,-154.49,-66.98,0.00,0.00,66.98,0.00,55.00
1544237,"McDonald's (21452 - RT 545, BROWNS MILLS)",5579,21452,2025-06-23,USD,9192.23,590.05,1153.88,0.00,0.00,286.01,0.00,0.00,0.00,0.00,0.00,0.00,0.00,0.00,124.49,84.94,8217.90,8302.84,2025-06-16,2025-06-22,2025-06-16,2025-06-23,493187429,PAID,0.00,0.00,0.00,0.00,0.00,0.00,0.00,-286.01,-93.59,-26.26,0.00,93.59,26.26,84.94
657157,McDonald's (1447-LINDNWLD-W HORSE),5579,1447,2025-06-16,USD,13697.56,832.05,1664.85,0.00,0.00,1138.67,0.00,0.00,0.00,0.00,0.00,0.00,0.00,0.00,111.54,66.17,11614.55,11680.72,2025-06-09,2025-06-15,2025-06-09,2025-06-16,491416520,PAID,0.00,0.00,0.00,0.00,0.00,0.00,0.00,-1138.67,-187.06,-9.13,0.00,187.06,9.13,66.17
659406,McDonald's (4592-OCEAN CITY),5579,4592,2025-06-16,USD,2556.62,159.83,304.79,0.00,0.00,144.16,0.00,0.00,0.00,0.00,0.00,0.00,0.00,0.00,18.92,0.00,2248.58,2248.58,2025-06-09,2025-06-15,2025-06-09,2025-06-16,491422249,PAID,0.00,0.00,0.00,0.00,0.00,0.00,0.00,-144.16,-30.28,0.00,0.00,30.28,0.00,0.00
946236,McDonald's (12008-CROSS KEYS),5579,12008,2025-06-16,USD,6217.54,381.97,767.95,0.00,0.00,452.24,0.00,0.00,0.00,0.00,0.00,0.00,0.00,0.00,102.82,28.75,5276.50,5305.25,2025-06-09,2025-06-15,2025-06-09,2025-06-16,491417852,PAID,0.00,0.00,0.00,0.00,0.00,0.00,0.00,-452.24,-25.90,0.00,0.00,25.90,0.00,28.75
946241,McDonald's (18170-NO WOODBURY),5579,18170,2025-06-16,USD,8390.75,507.85,1016.57,0.00,0.00,724.77,0.00,0.00,0.00,0.00,0.00,0.00,0.00,0.00,120.76,46.33,7036.50,7082.83,2025-06-09,2025-06-15,2025-06-09,2025-06-16,491420314,PAID,0.00,0.00,0.00,0.00,0.00,0.00,0.00,-724.77,-112.51,-11.44,0.00,112.51,11.44,46.33
946252,McDonald's (18576-WINSLOW),5579,18576,2025-06-16,USD,3876.99,234.44,503.79,0.00,0.00,337.82,0.00,0.00,0.00,0.00,0.00,0.00,0.00,0.00,143.12,19.21,3126.70,3145.91,2025-06-09,2025-06-16,2025-06-09,2025-06-16,491411526,PAID,0.00,0.00,0.00,0.00,0.00,0.00,0.00,-337.82,-29.79,0.00,0.00,29.79,0.00,19.21
946258,McDonald's (2401-TURNERSVILLE),5579,2401,2025-06-16,USD,5140.28,312.58,615.72,0.00,0.00,422.11,0.00,0.00,0.00,0.00,0.00,0.00,0.00,0.00,50.14,29.32,4364.89,4394.21,2025-06-09,2025-06-16,2025-06-09,2025-06-16,491413919,PAID,0.00,0.00,0.00,0.00,0.00,0.00,0.00,-422.11,-92.88,0.00,0.00,92.88,0.00,29.32
946269,McDonald's (4884-WILLIAMSTOWN),5579,4884,2025-06-16,USD,13150.43,812.54,1630.44,0.00,0.00,886.92,0.00,0.00,0.00,0.00,0.00,0.00,0.00,0.00,159.80,63.36,11285.81,11349.17,2025-06-09,2025-06-15,2025-06-09,2025-06-16,491419803,PAID,0.00,0.00,0.00,0.00,0.00,0.00,0.00,-886.92,-101.23,-12.98,0.00,101.23,12.98,63.36
1544219,McDonald's (22137 - WRIGHTSTOWN),5579,22137,2025-06-16,USD,4121.75,254.70,491.94,0.00,0.00,277.14,0.00,0.00,0.00,0.00,0.00,0.00,0.00,0.00,56.17,20.15,3551.20,3571.35,2025-06-09,2025-06-15,2025-06-09,2025-06-16,491412751,PAID,0.00,0.00,0.00,0.00,0.00,0.00,0.00,-277.14,-44.09,0.00,0.00,44.09,0.00,20.15
1544237,"McDonald's (21452 - RT 545, BROWNS MILLS)",5579,21452,2025-06-16,USD,9067.93,557.62,1092.50,0.00,0.00,650.69,0.00,0.00,0.00,0.00,0.00,0.00,0.00,0.00,73.97,41.53,7808.39,7849.92,2025-06-09,2025-06-16,2025-06-09,2025-06-16,491414193,PAID,0.00,0.00,0.00,0.00,0.00,0.00,0.00,-650.69,-80.53,0.00,0.00,80.53,0.00,41.53
657157,McDonald's (1447-LINDNWLD-W HORSE),5579,1447,2025-06-09,USD,13233.28,832.93,1656.33,0.00,0.00,662.22,0.00,0.00,0.00,0.00,0.00,0.00,0.00,0.00,192.46,67.69,11555.20,11622.89,2025-06-02,2025-06-09,2025-06-02,2025-06-09,489667813,PAID,0.00,0.00,0.00,0.00,0.00,0.00,0.00,-662.22,-156.87,0.00,0.00,156.87,0.00,67.69
659406,McDonald's (4592-OCEAN CITY),5579,4592,2025-06-09,USD,2730.35,167.88,316.74,0.00,0.00,196.23,0.00,0.00,0.00,0.00,0.00,0.00,0.00,0.00,0.00,12.63,2385.26,2397.89,2025-06-02,2025-06-08,2025-06-02,2025-06-09,489661299,PAID,0.00,0.00,0.00,0.00,0.00,0.00,0.00,-196.23,-20.27,0.00,0.00,20.27,0.00,12.63
946236,McDonald's (12008-CROSS KEYS),5579,12008,2025-06-09,USD,5749.51,365.08,733.33,0.00,0.00,239.50,0.00,0.00,0.00,0.00,0.00,0.00,0.00,0.00,48.89,31.32,5092.87,5124.19,2025-06-02,2025-06-08,2025-06-02,2025-06-09,489661804,PAID,0.00,0.00,0.00,0.00,0.00,0.00,0.00,-239.50,-48.96,0.00,0.00,48.96,0.00,31.32
946241,McDonald's (18170-NO WOODBURY),5579,18170,2025-06-09,USD,9265.74,579.81,1160.75,0.00,0.00,512.04,0.00,0.00,0.00,0.00,0.00,0.00,0.00,0.00,213.75,41.39,7959.01,8000.40,2025-06-02,2025-06-08,2025-06-02,2025-06-09,489664708,PAID,0.00,0.00,0.00,0.00,0.00,0.00,0.00,-512.04,-111.72,0.00,0.00,111.72,0.00,41.39
946252,McDonald's (18576-WINSLOW),5579,18576,2025-06-09,USD,3842.16,242.60,525.75,0.00,0.00,180.10,0.00,0.00,0.00,0.00,0.00,0.00,0.00,0.00,87.16,18.83,3291.75,3310.58,2025-06-02,2025-06-08,2025-06-02,2025-06-08,489656732,PAID,0.00,0.00,0.00,0.00,0.00,0.00,0.00,-180.10,-20.01,-7.86,0.00,20.01,7.86,18.83
946258,McDonald's (2401-TURNERSVILLE),5579,2401,2025-06-09,USD,5863.62,367.30,731.38,0.00,0.00,319.67,0.00,0.00,0.00,0.00,0.00,0.00,0.00,0.00,169.75,25.26,5010.12,5035.38,2025-06-02,2025-06-08,2025-06-02,2025-06-09,489657937,PAID,0.00,0.00,0.00,0.00,0.00,0.00,0.00,-319.67,-45.48,0.00,0.00,45.48,0.00,25.26
946269,McDonald's (4884-WILLIAMSTOWN),5579,4884,2025-06-09,USD,12672.81,799.07,1611.05,0.00,0.00,614.37,0.00,0.00,0.00,0.00,0.00,0.00,0.00,0.00,204.93,66.55,11041.53,11108.08,2025-06-02,2025-06-08,2025-06-02,2025-06-09,489665294,PAID,0.00,0.00,0.00,0.00,0.00,0.00,0.00,-614.37,-177.53,-10.00,0.00,177.53,10.00,66.55
1544219,McDonald's (22137 - WRIGHTSTOWN),5579,22137,2025-06-09,USD,4030.79,256.13,494.65,0.00,0.00,165.62,0.00,0.00,0.00,0.00,0.00,0.00,0.00,0.00,41.92,20.13,3584.73,3604.86,2025-06-02,2025-06-08,2025-06-02,2025-06-09,489669058,PAID,0.00,0.00,0.00,0.00,0.00,0.00,0.00,-165.62,-55.01,0.00,0.00,55.01,0.00,20.13
1544237,"McDonald's (21452 - RT 545, BROWNS MILLS)",5579,21452,2025-06-09,USD,8306.96,523.63,1026.68,0.00,0.00,402.32,0.00,0.00,0.00,0.00,0.00,0.00,0.00,0.00,60.92,42.58,7340.67,7383.25,2025-06-02,2025-06-08,2025-06-02,2025-06-09,489662469,PAID,0.00,0.00,0.00,0.00,0.00,0.00,0.00,-402.32,-108.66,-22.40,0.00,108.66,22.40,42.58
657157,McDonald's (1447-LINDNWLD-W HORSE),5579,1447,2025-06-02,USD,13537.12,887.48,1774.04,0.00,0.00,142.60,0.00,0.00,0.00,0.00,0.00,0.00,0.00,0.00,252.19,71.07,12255.77,12326.84,2025-05-26,2025-06-01,2025-05-26,2025-06-02,487909572,PAID,0.00,0.00,0.00,0.00,0.00,0.00,0.00,-142.60,-176.95,0.00,0.00,176.95,0.00,71.07
659406,McDonald's (4592-OCEAN CITY),5579,4592,2025-06-02,USD,2782.23,180.90,353.38,0.00,0.00,51.03,0.00,0.00,0.00,0.00,0.00,0.00,0.00,0.00,26.00,19.66,2532.72,2552.38,2025-05-26,2025-06-01,2025-05-26,2025-06-02,487906788,PAID,0.00,0.00,0.00,0.00,0.00,0.00,0.00,-51.03,-22.18,0.00,0.00,22.18,0.00,19.66
946236,McDonald's (12008-CROSS KEYS),5579,12008,2025-06-02,USD,6264.48,408.49,822.79,0.00,0.00,99.46,0.00,0.00,0.00,0.00,0.00,0.00,0.00,0.00,129.50,33.47,5621.22,5654.69,2025-05-26,2025-06-01,2025-05-26,2025-06-02,487906575,PAID,0.00,0.00,0.00,0.00,0.00,0.00,0.00,-99.46,-130.41,0.00,0.00,130.41,0.00,33.47
946241,McDonald's (18170-NO WOODBURY),5579,18170,2025-06-02,USD,8278.81,537.09,1076.05,0.00,0.00,171.36,0.00,0.00,0.00,0.00,0.00,0.00,0.00,0.00,148.22,44.62,7420.27,7464.89,2025-05-26,2025-06-01,2025-05-26,2025-06-02,487907146,PAID,0.00,0.00,0.00,0.00,0.00,0.00,0.00,-171.36,-110.04,0.00,0.00,110.04,0.00,44.62
946252,McDonald's (18576-WINSLOW),5579,18576,2025-06-02,USD,3765.03,247.96,533.87,0.00,0.00,21.57,0.00,0.00,0.00,0.00,0.00,0.00,0.00,0.00,124.19,125.82,3333.36,3459.18,2025-05-26,2025-06-01,2025-05-26,2025-06-02,487910300,PAID,0.00,0.00,0.00,0.00,0.00,0.00,0.00,-21.57,-96.71,0.00,0.00,96.71,0.00,125.82
946258,McDonald's (2401-TURNERSVILLE),5579,2401,2025-06-02,USD,5052.71,329.99,652.34,0.00,0.00,71.40,0.00,0.00,0.00,0.00,0.00,0.00,0.00,0.00,62.28,24.42,4596.68,4621.10,2025-05-26,2025-06-01,2025-05-26,2025-06-02,487903515,PAID,0.00,0.00,0.00,0.00,0.00,0.00,0.00,-71.40,-65.62,0.00,0.00,65.62,0.00,24.42
946269,McDonald's (4884-WILLIAMSTOWN),5579,4884,2025-06-02,USD,13310.04,867.58,1759.01,0.00,0.00,213.30,0.00,0.00,0.00,0.00,0.00,0.00,0.00,0.00,218.84,59.13,11986.47,12045.60,2025-05-26,2025-06-01,2025-05-26,2025-06-02,487902744,PAID,0.00,0.00,0.00,0.00,0.00,0.00,0.00,-213.30,-203.08,0.00,0.00,203.08,0.00,59.13
1544219,McDonald's (22137 - WRIGHTSTOWN),5579,22137,2025-06-02,USD,4026.42,263.52,519.05,0.00,0.00,49.13,0.00,0.00,0.00,0.00,0.00,0.00,0.00,0.00,73.21,60.39,3648.55,3708.94,2025-05-26,2025-06-01,2025-05-26,2025-06-02,487899610,PAID,0.00,0.00,0.00,0.00,0.00,0.00,0.00,-49.13,-44.31,0.00,0.00,44.31,0.00,60.39
1544237,"McDonald's (21452 - RT 545, BROWNS MILLS)",5579,21452,2025-06-02,USD,8515.88,554.75,1085.43,0.00,0.00,142.10,0.00,0.00,0.00,0.00,0.00,0.00,0.00,0.00,162.59,107.34,7680.51,7787.85,2025-05-26,2025-06-01,2025-05-26,2025-06-02,487903881,PAID,0.00,0.00,0.00,0.00,0.00,0.00,0.00,-142.10,-116.07,-27.99,0.00,116.07,27.99,107.34
